dl.smv	dl.lola		dl.mcm	dl.clp			dl.smod			dl.cnmc					
needed	stat	time	needed	gen	solve	time	gen	solve	needed	gen	solve	sym	asym	dis	input
?	0	0.000	0.00	0.000	0.000	0.000	0.008	0.000	0.008	0.58	0.69	0.0	0.09	0.12	test/nets/other/buf100
?	0	0.000	0.10	0.000	0.000	0.000	0.004	0.000	0.004	0.1	0.0	0.0	0.0	0.0	test/nets/other/cyclic_12.fsa
0.000	0	0.000	0.00	0.000	0.000	0.000	0.004	0.000	0.004	0.09	0.0	0.0	0.0	0.0	test/nets/other/cyclic_3.fsa
7.420	0	0.000	0.00	0.000	0.000	0.000	0.004	0.000	0.004	0.09	0.0	0.0	0.0	0.0	test/nets/other/cyclic_6.fsa
?	0	0.000	0.00	0.000	0.000	0.000	0.000	0.000	0.000	0.09	0.0	0.0	0.0	0.0	test/nets/other/cyclic_9.fsa
?	0	0.000	na	0.000	0.000	0.000	na	na	0.004	0.1	0.0	na	na	na	test/nets/other/dac_12.fsa
?	0	0.000	na	0.000	0.000	0.000	na	na	0.004	0.08	0.0	na	na	na	test/nets/other/dac_15.fsa
0.080	0	0.000	na	0.000	0.000	0.000	na	na	0.004	0.08	0.0	na	na	na	test/nets/other/dac_6.fsa
2.200	0	0.000	na	0.000	0.000	0.000	na	na	0.004	0.08	0.0	na	na	na	test/nets/other/dac_9.fsa
?	0	0.000	0.00	0.000	0.000	0.000	0.004	0.000	0.004	0.1	0.01	0.0	0.0	0.0	test/nets/other/dp_10.fsa
?	0	0.000	0.00	0.000	0.000	0.000	0.004	0.000	0.004	0.12	0.0	0.0	0.01	0.01	test/nets/other/dp_12.fsa
1.180	0	0.000	0.00	0.000	0.000	0.000	0.004	0.000	0.004	0.1	0.0	0.0	0.0	0.0	test/nets/other/dp_6.fsa
?	0	0.000	0.00	0.000	0.000	0.000	0.004	0.000	0.004	0.17	0.0	0.0	0.01	0.0	test/nets/other/dp_8.fsa
0.280	0	0.010	0.00	0.000	0.000	0.000	0.004	0.004	0.008	0.19	0.01	0.0	0.0	0.01	test/nets/other/dpd_4.fsa
4.480	0	0.020	0.04	0.000	0.000	0.000	0.012	0.024	0.036	0.27	0.03	0.0	0.01	0.02	test/nets/other/dpd_5.fsa
?	0	0.060	0.40	0.000	0.000	0.010	0.020	0.148	0.168	0.46	0.08	0.01	0.02	0.04	test/nets/other/dpd_6.fsa
?	0	0.280	2.34	0.000	0.040	0.040	0.088	0.688	0.776	0.84	0.26	0.02	0.06	0.07	test/nets/other/dpd_7.fsa
?	error	error	0.02	0.000	0.000	0.020	0.016	0.000	0.016	0.21	0.01	0.0	0.0	0.01	test/nets/other/dpfm_11.fsa
0.000	0	0.000	0.00	0.000	0.000	0.000	0.004	0.000	0.004	0.11	0.0	0.0	0.0	0.0	test/nets/other/dpfm_2.fsa
0.040	0	0.000	0.00	0.000	0.000	0.000	0.004	0.000	0.004	0.12	0.0	0.0	0.0	0.0	test/nets/other/dpfm_5.fsa
?	0	0.010	0.00	0.000	0.000	0.000	0.004	0.000	0.004	0.09	0.0	0.0	0.0	0.0	test/nets/other/dpfm_8.fsa
0.540	0	0.090	0.00	0.000	0.000	0.000	0.004	0.004	0.008	0.11	0.01	0.0	0.0	0.01	test/nets/other/dph_4.fsa
24.080	0	0.920	0.26	0.000	0.000	0.010	0.016	0.020	0.036	0.3	0.04	0.01	0.01	0.02	test/nets/other/dph_5.fsa
?	0	1.720	12.80	0.000	0.060	0.080	0.280	0.556	0.836	1.0	0.3	0.01	0.04	0.08	test/nets/other/dph_6.fsa
?	0	12.170	?	0.000	0.760	0.820	4.009	14.652	18.661	3.68	3.22	0.07	0.31	0.44	test/nets/other/dph_7.dlmcs
?	0	12.860	?	0.000	0.820	0.880	4.017	14.632	18.649	3.72	3.55	0.08	0.31	0.43	test/nets/other/dph_7.fsa
?	error	error	0.16	0.000	0.040	0.080	0.044	0.000	0.044	3.45	2.85	0.08	0.62	0.62	test/nets/other/fifo20
8.140	0	0.000	0.00	0.000	0.000	0.000	0.000	0.004	0.004	0.1	0.0	0.0	0.0	0.01	test/nets/other/gas_nq_2.fsa
?	0	0.200	0.58	0.000	0.000	0.010	0.012	0.068	0.080	0.18	0.08	0.0	0.01	0.01	test/nets/other/gas_nq_3.fsa
?	error	error	53.48	0.000	0.300	0.310	0.300	2.028	2.328	0.97	1.86	0.02	0.07	0.11	test/nets/other/gas_nq_4.fsa
?	error	error	?	0.000	7.420	7.500	6.332	133.780	140.112	6.0	154.35	0.13	0.76	0.73	test/nets/other/gas_nq_5.fsa
0.080	0	0.000	0.00	0.000	0.000	0.000	0.004	0.000	0.004	0.09	0.0	0.0	0.0	0.0	test/nets/other/gas_q_1.fsa
6.060	0	0.010	0.00	0.000	0.000	0.000	0.000	0.004	0.004	0.11	0.01	0.0	0.0	0.01	test/nets/other/gas_q_2.fsa
?	error	error	0.32	0.000	0.000	0.010	0.012	0.068	0.080	0.23	0.09	0.0	0.01	0.02	test/nets/other/gas_q_3.fsa
?	error	error	66.06	0.000	0.320	0.360	0.388	2.380	2.768	1.19	5.31	0.03	0.07	0.14	test/nets/other/gas_q_4.fsa
?	0	0.000	0.00	0.000	0.000	0.000	0.004	0.012	0.016	0.13	0.01	0.0	0.0	0.01	test/nets/other/hartstone_100.fsa
?	0	0.000	0.00	0.000	0.000	0.000	0.004	0.000	0.004	0.1	0.0	0.0	0.0	0.0	test/nets/other/hartstone_25.fsa
?	0	0.000	0.00	0.000	0.000	0.000	0.008	0.000	0.008	0.11	0.0	0.0	0.01	0.0	test/nets/other/hartstone_50.fsa
?	0	0.000	0.00	0.000	0.000	0.000	0.008	0.004	0.012	0.12	0.0	0.0	0.0	0.01	test/nets/other/hartstone_75.fsa
0.020	0	0.000	0.00	0.000	0.000	0.000	0.004	0.000	0.004	0.1	0.0	0.0	0.0	0.0	test/nets/other/over_2.fsa
0.360	0	0.020	0.00	0.000	0.000	0.000	0.004	0.000	0.004	0.14	0.0	0.0	0.0	0.0	test/nets/other/over_3.fsa
8.580	0	0.810	0.02	0.000	0.000	0.000	0.008	0.000	0.008	0.2	0.0	0.0	0.01	0.01	test/nets/other/over_4.fsa
?	0	2.900	1.10	0.000	0.020	0.020	0.064	0.012	0.076	0.5	0.12	0.01	0.03	0.05	test/nets/other/over_5.fsa
0.420	0	0.000	0.00	0.000	0.000	0.000	0.004	0.000	0.004	0.12	0.0	0.0	0.0	0.0	test/nets/other/ring_3.fsa
?	0	0.010	0.00	0.000	0.000	0.000	0.004	0.000	0.004	0.14	0.0	0.0	0.0	0.0	test/nets/other/ring_5.fsa
?	0	0.060	0.00	0.000	0.000	0.000	0.004	0.012	0.016	0.16	0.02	0.0	0.01	0.01	test/nets/other/ring_7.fsa
?	0	0.920	0.02	0.000	0.000	0.000	0.012	0.056	0.068	0.21	0.0	0.0	0.01	0.02	test/nets/other/ring_9.fsa
2.540	0	0.020	0.00	0.000	0.000	0.000	0.004	0.000	0.004	0.11	0.0	0.0	0.0	0.0	test/nets/other/rrr10-1
?	0	0.690	0.00	0.000	0.000	0.000	0.004	0.000	0.004	0.12	0.0	0.0	0.01	0.0	test/nets/other/rrr20-1
?	0	2.770	0.00	0.000	0.000	0.000	0.000	0.000	0.000	0.12	0.0	0.0	0.0	0.0	test/nets/other/rrr30-1
?	error	error	0.00	0.000	0.000	0.000	0.004	0.000	0.004	0.11	0.0	0.0	0.0	0.0	test/nets/other/rrr50-1
7.200	0	0.650	?	0.000	0.240	0.330	10.120	0.008	10.128	4.54	0.5	0.07	0.05	0.41	test/nets/other/rw_12.fsa
0.020	0	0.010	0.00	0.000	0.000	0.000	0.004	0.000	0.004	0.13	0.0	0.0	0.0	0.01	test/nets/other/rw_6.fsa
0.480	0	0.050	1.20	0.000	0.000	0.010	0.180	0.000	0.180	0.48	0.0	0.01	0.0	0.03	test/nets/other/rw_9.fsa
0.000	0	0.000	0.00	0.000	0.000	0.000	0.004	0.000	0.004	0.09	0.0	0.0	0.0	0.0	test/nets/other/sem
?	0	0.410	42.04	0.000	0.400	0.440	0.464	0.228	0.692	1.1	0.0	0.03	0.06	0.15	test/nets/plain/large/bds_1.sync
?	killed	error	?	0.000	1.060	1.090	0.424	87.941	88.365	1.8	0.0	0.07	0.3	0.32	test/nets/plain/large/byzagr4_1b
?	0	8.580	87.48	0.000	0.260	0.280	0.420	5.924	6.344	1.14	3.26	0.04	0.1	0.18	test/nets/plain/large/dpd_7.sync
?	0	0.220	1.92	0.000	0.020	0.060	0.312	2.112	2.424	1.74	0.89	0.03	0.18	0.21	test/nets/plain/large/elevator_4
?	0	0.200	1.94	0.000	0.020	0.060	0.380	1.676	2.056	1.72	0.96	0.03	0.17	0.22	test/nets/plain/large/elevator_4.dlmcs.sync
?	0	0.190	1.94	0.000	0.020	0.060	0.308	2.168	2.476	1.76	0.87	0.03	0.19	0.22	test/nets/plain/large/elevator_4.fsa
?	error	error	28.60	0.000	0.840	0.880	0.496	14.932	15.428	1.61	4.22	0.05	0.11	0.24	test/nets/plain/large/elevator_4.old
?	killed	killed	?	0.000	0.660	0.800	5.076	57.415	62.491	11.45	0.0	0.24	1.77	1.24	test/nets/plain/large/ftp_1.fsa
?	killed	killed	?	0.000	4.800	4.970	8.929	299.046	307.975	11.23	0.0	0.32	1.96	1.34	test/nets/plain/large/ftp_1.sync
?	0	0.720	110.66	0.000	0.280	0.310	1.100	0.484	1.584	2.04	0.0	0.06	0.12	0.31	test/nets/plain/large/furnace_3
4.520	0	0.420	5.68	0.000	0.060	0.080	0.312	0.048	0.360	1.62	0.57	0.03	0.08	0.2	test/nets/plain/large/furnace_3.fsa
?	0	9.300	?	0.000	4.700	4.920	28.378	9.600	37.978	16.96	11.07	0.35	2.19	1.72	test/nets/plain/large/furnace_4
?	0	0.000	8.20	0.000	0.060	0.100	0.488	3.160	3.648	1.57	1.14	0.05	0.22	0.25	test/nets/plain/large/key_3.sync
?	0	0.000	?	0.000	0.200	0.300	11.025	61.143	72.168	8.07	5.48	0.19	1.0	0.89	test/nets/plain/large/key_4
?	0	0.010	?	0.000	0.200	0.310	11.033	73.136	84.169	7.99	4.91	0.2	1.07	0.88	test/nets/plain/large/key_4.fsa
?	0	0.010	?	0.000	0.020	0.070	2.056	37.550	39.606	5.46	2.3	0.1	0.82	0.67	test/nets/plain/large/mmgt_4.fsa
?	0	0.010	4.30	0.000	0.020	0.020	0.256	0.492	0.748	1.19	1.35	0.04	0.14	0.19	test/nets/plain/large/q_1.sync
?	error	error	?	0.000	0.340	0.400	8.340	0.008	8.348	4.46	0.0	0.1	0.04	0.47	test/nets/plain/large/rw_12
?	error	error	?	0.000	2.080	2.200	31.029	0.032	31.061	10.82	0.0	0.22	0.1	0.93	test/nets/plain/large/rw_12.sync
?	0	0.360	200.28	0.000	0.180	0.190	0.472	1.072	1.544	1.23	0.0	0.04	0.12	0.22	test/nets/plain/large/rw_1w3r
?	0	0.400	200.02	0.000	0.180	0.190	0.476	1.040	1.516	1.21	0.0	0.03	0.12	0.22	test/nets/plain/large/rw_1w3r.sync
50.580	0	2.040	2.30	0.000	0.020	0.020	0.072	0.036	0.108	0.71	0.28	0.02	0.04	0.07	test/nets/plain/med/bds_1.fsa
17.980	0	0.020	7.36	0.000	0.000	0.000	0.012	0.008	0.020	0.2	0.09	0.0	0.01	0.03	test/nets/plain/med/bruijn_2
?	0	0.030	7.10	0.000	0.000	0.000	0.012	0.012	0.024	0.2	0.1	0.0	0.02	0.03	test/nets/plain/med/bruijn_2.sync
?	error	error	26.70	0.000	0.380	0.390	0.184	18.857	19.041	1.02	2.94	0.03	0.14	0.16	test/nets/plain/med/dme10
?	error	error	63.40	0.000	0.900	0.910	0.296	35.162	35.458	1.22	0.0	0.05	0.12	0.21	test/nets/plain/med/dme11
?	0	4.710	0.10	0.000	0.000	0.000	0.008	0.228	0.236	0.22	0.0	0.01	0.01	0.02	test/nets/plain/med/dme5
?	0	49.130	0.34	0.000	0.000	0.010	0.016	0.648	0.664	0.31	0.35	0.0	0.03	0.04	test/nets/plain/med/dme6
?	error	error	1.12	0.000	0.020	0.030	0.040	1.604	1.644	0.4	0.87	0.01	0.04	0.06	test/nets/plain/med/dme7
?	error	error	3.32	0.000	0.060	0.070	0.060	4.020	4.080	0.58	1.24	0.02	0.07	0.1	test/nets/plain/med/dme8
?	error	error	9.44	0.000	0.160	0.170	0.116	9.404	9.520	0.77	2.11	0.02	0.08	0.14	test/nets/plain/med/dme9
?	0	0.040	0.08	0.000	0.000	0.000	0.024	0.112	0.136	0.47	0.16	0.02	0.02	0.06	test/nets/plain/med/elevator_3
?	0	0.040	0.08	0.000	0.000	0.000	0.024	0.120	0.144	0.44	0.0	0.01	0.03	0.05	test/nets/plain/med/elevator_3.dlmcs.sync
?	0	0.040	0.08	0.000	0.000	0.000	0.024	0.112	0.136	0.45	0.0	0.01	0.03	0.05	test/nets/plain/med/elevator_3.fsa
0.400	0	0.040	0.12	0.000	0.000	0.000	0.016	0.004	0.020	0.3	0.04	0.0	0.02	0.02	test/nets/plain/med/furnace_2.fsa
?	0	0.000	0.42	0.000	0.000	0.010	0.128	0.556	0.684	0.79	0.48	0.02	0.05	0.1	test/nets/plain/med/key_3
?	0	0.000	0.36	0.000	0.000	0.000	0.124	0.572	0.696	0.77	0.41	0.01	0.05	0.1	test/nets/plain/med/key_3.fsa
2.640	0	0.020	2.32	0.000	0.000	0.000	0.008	0.008	0.016	0.17	0.0	0.0	0.01	0.02	test/nets/plain/med/knuth_2
33.160	0	0.040	3.08	0.000	0.000	0.000	0.004	0.012	0.016	0.17	0.06	0.01	0.01	0.01	test/nets/plain/med/knuth_2.sync
7.880	0	0.010	11.88	0.000	0.000	0.000	0.048	0.284	0.332	0.64	0.18	0.02	0.05	0.08	test/nets/plain/med/mmgt_3.fsa
?	0	0.010	1.90	0.000	0.000	0.000	0.144	0.284	0.428	0.85	0.0	0.03	0.1	0.13	test/nets/plain/med/q_1
?	0	0.010	0.60	0.000	0.000	0.010	0.080	0.004	0.084	1.0	0.77	0.02	0.1	0.15	test/nets/plain/med/q_1.fsa
?	0	0.020	0.64	0.000	0.000	0.000	0.008	0.028	0.036	0.24	0.18	0.0	0.02	0.03	test/nets/plain/med/rw_1w2r
?	0	4.740	34.04	0.000	0.060	0.060	0.132	2.000	2.132	0.85	0.0	0.03	0.1	0.16	test/nets/plain/med/rw_2w1r
?	0	7.120	34.08	0.000	0.060	0.070	0.132	1.756	1.888	0.84	2.46	0.02	0.1	0.15	test/nets/plain/med/rw_2w1r.sync
2.440	0	0.000	0.10	0.000	0.000	0.000	0.020	0.188	0.208	0.33	0.08	0.0	0.02	0.02	test/nets/plain/med/speed_1.fsa
0.500	0	0.000	0.34	0.000	0.000	0.000	0.000	0.004	0.004	0.13	0.02	0.0	0.0	0.01	test/nets/plain/small/ab_gesc
0.060	0	0.010	0.00	0.000	0.000	0.000	0.004	0.000	0.004	0.1	0.0	0.0	0.0	0.0	test/nets/plain/small/abp_1.fsa
?	error	error	?	0.000	0.000	0.000	0.004	0.008	0.012	0.15	0.0	0.0	0.01	0.01	test/nets/plain/small/byzagr4_0b
?	error	error	?	0.000	0.000	0.000	0.004	0.008	0.012	0.15	0.04	0.0	0.01	0.01	test/nets/plain/small/byzagr4_0b.sync
?	0	0.020	0.00	0.000	0.000	0.000	0.004	0.000	0.004	0.1	0.0	0.0	0.01	0.0	test/nets/plain/small/byzagr4_2a
?	0	0.010	0.00	0.000	0.000	0.000	0.004	0.000	0.004	0.1	0.0	0.0	0.0	0.0	test/nets/plain/small/byzagr4_2a.sync
?	killed	killed	0.26	0.000	0.000	0.000	0.004	0.012	0.016	0.16	0.0	0.01	0.0	0.01	test/nets/plain/small/cottbus_plate_5
?	killed	killed	0.48	0.000	0.000	0.000	0.008	0.012	0.020	0.17	0.0	0.0	0.01	0.02	test/nets/plain/small/cottbus_plate_5.sync
0.820	0	0.010	1.30	0.000	0.000	0.000	0.008	0.012	0.020	0.14	0.04	0.0	0.01	0.01	test/nets/plain/small/dijkstra_2
3.760	0	0.010	2.08	0.000	0.000	0.000	0.004	0.020	0.024	0.15	0.0	0.01	0.0	0.01	test/nets/plain/small/dijkstra_2.sync
?	0	0.000	0.00	0.000	0.000	0.000	0.000	0.004	0.004	0.1	0.0	0.0	0.01	0.0	test/nets/plain/small/dme2
?	0	0.040	0.00	0.000	0.000	0.000	0.004	0.016	0.020	0.13	0.0	0.0	0.0	0.01	test/nets/plain/small/dme3
?	0	0.400	0.02	0.000	0.000	0.000	0.008	0.064	0.072	0.18	0.0	0.01	0.0	0.02	test/nets/plain/small/dme4
0.000	0	0.000	0.00	0.000	0.000	0.000	0.004	0.000	0.004	0.09	0.0	0.0	0.0	0.0	test/nets/plain/small/do_od
9.120	0	0.040	0.00	0.000	0.000	0.000	0.004	0.004	0.008	0.13	0.0	0.01	0.0	0.01	test/nets/plain/small/eisenbahn
13.800	0	0.110	0.02	0.000	0.000	0.000	0.012	0.000	0.012	0.15	0.02	0.0	0.01	0.0	test/nets/plain/small/eisenbahn.sync
0.620	0	0.000	0.00	0.000	0.000	0.000	0.004	0.000	0.004	0.11	0.01	0.0	0.0	0.01	test/nets/plain/small/elevator
0.160	0	0.000	0.00	0.000	0.000	0.000	0.004	0.000	0.004	0.1	0.0	0.0	0.0	0.0	test/nets/plain/small/elevator_1
0.160	0	0.000	0.00	0.000	0.000	0.000	0.004	0.000	0.004	0.1	0.0	0.0	0.0	0.0	test/nets/plain/small/elevator_1.fsa
14.200	0	0.010	0.00	0.000	0.000	0.000	0.008	0.004	0.012	0.16	0.0	0.0	0.01	0.0	test/nets/plain/small/elevator_2
13.960	0	0.010	0.00	0.000	0.000	0.000	0.008	0.004	0.012	0.16	0.01	0.0	0.01	0.0	test/nets/plain/small/elevator_2.fsa
0.040	0	0.000	0.00	0.000	0.000	0.000	0.004	0.000	0.004	0.12	0.0	0.0	0.0	0.01	test/nets/plain/small/furnace_1.fsa
0.000	0	0.000	0.00	0.000	0.000	0.000	0.004	0.000	0.004	0.09	0.0	0.0	0.0	0.0	test/nets/plain/small/gas_station
?	0	0.000	0.00	0.000	0.000	0.000	0.004	0.008	0.012	0.16	0.0	0.0	0.01	0.01	test/nets/plain/small/key_2
?	0	0.000	0.00	0.000	0.000	0.000	0.004	0.008	0.012	0.15	0.02	0.0	0.01	0.0	test/nets/plain/small/key_2.fsa
0.100	0	0.000	0.00	0.000	0.000	0.000	0.004	0.000	0.004	0.1	0.0	0.0	0.0	0.0	test/nets/plain/small/mmgt_1.fsa
0.680	0	0.000	0.00	0.000	0.000	0.000	0.004	0.004	0.008	0.15	0.01	0.0	0.01	0.01	test/nets/plain/small/mmgt_2.fsa
58.480	0	0.000	0.06	0.000	0.000	0.000	0.008	0.004	0.012	0.12	0.01	0.0	0.01	0.01	test/nets/plain/small/mutual
0.040	0	0.000	na	0.000	0.000	0.000	na	na	0.004	0.09	0.0	na	na	na	test/nets/plain/small/only_hl
?	0	0.020	0.00	0.000	0.000	0.000	0.004	0.004	0.008	0.12	0.0	0.0	0.0	0.0	test/nets/plain/small/parrow
0.000	0	0.000	0.00	0.000	0.000	0.000	0.004	0.000	0.004	0.09	0.0	0.0	0.0	0.0	test/nets/plain/small/peterson
0.000	0	0.000	0.00	0.000	0.000	0.000	0.004	0.000	0.004	0.09	0.0	0.0	0.0	0.0	test/nets/plain/small/peterson_pfa
0.440	0	0.000	0.00	0.000	0.000	0.000	0.004	0.000	0.004	0.11	0.0	0.0	0.0	0.0	test/nets/plain/small/reader_writer_2
0.020	0	0.000	0.00	0.000	0.000	0.000	0.004	0.000	0.004	0.1	0.0	0.0	0.01	0.0	test/nets/plain/small/recursion
24.500	0	0.040	0.00	0.000	0.000	0.000	0.004	0.000	0.004	0.09	0.0	0.0	0.0	0.0	test/nets/plain/small/rrr10-1.sync
?	0	2.050	0.00	0.000	0.000	0.000	0.004	0.000	0.004	0.09	0.0	0.0	0.0	0.0	test/nets/plain/small/rrr20-1.sync
?	0	8.380	0.00	0.000	0.000	0.000	0.004	0.000	0.004	0.1	0.0	0.01	0.0	0.0	test/nets/plain/small/rrr30-1.sync
?	error	289.360	0.00	0.000	0.000	0.000	0.004	0.000	0.004	0.1	0.0	0.0	0.0	0.0	test/nets/plain/small/rrr50-1.sync
?	0	0.010	0.00	0.000	0.000	0.000	0.004	0.000	0.004	0.12	0.0	0.0	0.0	0.01	test/nets/plain/small/rw_1w1r
?	0	0.010	0.00	0.000	0.000	0.000	0.004	0.000	0.004	0.11	0.0	0.0	0.01	0.0	test/nets/plain/small/rw_1w1r.sync
?	0	0.020	0.00	0.000	0.000	0.000	0.004	0.000	0.004	0.11	0.01	0.0	0.0	0.01	test/nets/plain/small/sdl_arq
2.720	0	0.000	0.00	0.000	0.000	0.000	0.004	0.000	0.004	0.09	0.0	0.0	0.0	0.0	test/nets/plain/small/sdl_arq_deadlock
?	0	0.010	na	0.000	0.000	0.000	na	na	0.004	0.1	0.0	na	na	na	test/nets/plain/small/sdl_example
?	0	0.000	0.00	0.000	0.000	0.000	0.004	0.000	0.004	0.12	0.0	0.0	0.0	0.01	test/nets/plain/small/sentest_100.fsa
?	0	0.000	0.00	0.000	0.000	0.000	0.004	0.000	0.004	0.11	0.0	0.0	0.0	0.0	test/nets/plain/small/sentest_25.fsa
?	0	0.000	0.00	0.000	0.000	0.000	0.004	0.000	0.004	0.12	0.0	0.0	0.0	0.01	test/nets/plain/small/sentest_50.fsa
?	0	0.000	0.00	0.000	0.000	0.000	0.004	0.000	0.004	0.12	0.0	0.0	0.0	0.01	test/nets/plain/small/sentest_75.fsa
0.020	0	0.000	0.00	0.000	0.000	0.000	0.000	0.004	0.004	0.1	0.0	0.0	0.0	0.0	test/nets/plain/small/stack_full
?	0	0.520	2.30	0.000	0.020	0.020	0.084	0.220	0.304	0.52	0.32	0.02	0.06	0.07	test/nets/pr/large/bds_1.sync
?	killed	0.000	?	0.000	0.140	0.160	0.268	66.208	66.476	1.22	0.0	0.07	0.21	0.21	test/nets/pr/large/byzagr4_1b
?	0	4.140	52.82	0.000	0.140	0.140	0.392	7.912	8.304	1.19	0.0	0.06	0.11	0.2	test/nets/pr/large/dpd_7.sync
?	0	0.130	2.88	0.000	0.160	0.310	3.033	29.721	32.754	17.78	12.34	0.74	1.19	1.56	test/nets/pr/large/elevator_4
?	0	0.120	2.76	0.000	0.160	0.320	3.036	36.506	39.542	17.73	12.3	0.74	1.18	1.51	test/nets/pr/large/elevator_4.dlmcs.sync
?	0	0.140	2.90	0.000	0.160	0.330	3.028	32.278	35.306	17.68	12.23	0.74	1.19	1.5	test/nets/pr/large/elevator_4.fsa
?	0	0.150	?	?	?	0.000	?	?	?	14.97	14.54	0.77	1.62	1.58	test/nets/pr/large/elevator_4.old
?	0	281.480	55.56	0.000	0.100	0.140	1.388	0.308	1.696	6.22	2.43	0.16	0.83	0.81	test/nets/pr/large/ftp_1.fsa
?	killed	0.000	?	0.000	0.220	0.280	8.576	0.824	9.400	6.6	4.24	0.22	0.98	0.94	test/nets/pr/large/ftp_1.sync
?	0	0.380	20.20	0.000	0.080	0.090	0.840	0.148	0.988	1.53	0.0	0.04	0.08	0.21	test/nets/pr/large/furnace_3
10.280	0	0.250	4.54	0.000	0.020	0.020	0.112	0.020	0.132	1.02	0.0	0.02	0.04	0.11	test/nets/pr/large/furnace_3.fsa
?	0	6.000	?	0.000	2.240	2.380	27.265	2.336	29.601	11.78	6.53	0.26	1.2	1.21	test/nets/pr/large/furnace_4
?	0	0.000	1.56	0.000	0.560	0.560	0.208	28.413	28.621	0.91	0.0	0.05	0.13	0.16	test/nets/pr/large/key_3.sync
?	0	0.010	216.00	0.000	40.680	40.750	4.692	660.993	665.685	na	na	na	na	na	test/nets/pr/large/key_4
?	0	0.010	215.92	0.000	40.800	40.880	5.025	782.860	787.885	na	na	na	na	na	test/nets/pr/large/key_4.fsa
?	0	0.010	?	0.000	0.040	0.070	2.072	40.686	42.758	5.21	2.12	0.1	0.66	0.64	test/nets/pr/large/mmgt_4.fsa
?	0	0.010	5.12	0.000	0.020	0.020	0.348	0.444	0.792	1.29	1.5	0.04	0.14	0.23	test/nets/pr/large/q_1.sync
?	error	0.010	?	0.000	0.180	0.240	8.208	0.008	8.216	4.64	0.0	0.11	0.04	0.45	test/nets/pr/large/rw_12
?	error	0.010	?	0.000	1.080	1.220	30.577	0.020	30.597	11.14	5.51	0.23	0.11	0.96	test/nets/pr/large/rw_12.sync
?	0	0.180	500.92	0.000	0.180	0.190	0.584	3.368	3.952	1.64	3.88	0.05	0.21	0.28	test/nets/pr/large/rw_1w3r
?	0	0.200	506.18	0.000	0.200	0.200	0.588	3.732	4.320	1.61	0.0	0.05	0.21	0.28	test/nets/pr/large/rw_1w3r.sync
?	0	0.030	0.02	0.000	0.000	0.000	0.008	0.000	0.008	0.18	0.0	0.0	0.01	0.01	test/nets/pr/med/bds_1.fsa
?	0	0.020	33.12	0.000	0.000	0.010	0.012	0.052	0.064	0.27	0.1	0.01	0.02	0.03	test/nets/pr/med/bruijn_2
?	0	0.030	36.24	0.000	0.000	0.010	0.016	0.056	0.072	0.29	0.0	0.01	0.02	0.04	test/nets/pr/med/bruijn_2.sync
?	error	109.420	24.34	0.000	0.380	0.390	0.184	19.221	19.405	1.0	3.56	0.03	0.12	0.16	test/nets/pr/med/dme10
?	error	115.290	61.38	0.000	0.900	0.900	0.300	31.061	31.361	1.26	5.02	0.04	0.12	0.21	test/nets/pr/med/dme11
?	0	4.800	0.16	0.000	0.000	0.000	0.008	0.224	0.232	0.22	0.0	0.01	0.01	0.02	test/nets/pr/med/dme5
?	0	54.650	0.56	0.000	0.000	0.010	0.016	0.632	0.648	0.33	0.0	0.01	0.02	0.05	test/nets/pr/med/dme6
?	error	146.940	1.30	0.000	0.020	0.030	0.032	1.520	1.552	0.43	0.67	0.01	0.04	0.07	test/nets/pr/med/dme7
?	error	136.310	3.62	0.000	0.060	0.070	0.068	3.920	3.988	0.59	1.36	0.02	0.07	0.09	test/nets/pr/med/dme8
?	error	123.400	9.28	0.000	0.160	0.170	0.108	8.844	8.952	0.76	2.14	0.03	0.07	0.12	test/nets/pr/med/dme9
?	0	0.020	0.10	0.000	0.020	0.020	0.104	0.780	0.884	1.69	0.0	0.07	0.12	0.16	test/nets/pr/med/elevator_3
?	0	0.020	0.10	0.000	0.020	0.030	0.096	0.808	0.904	1.71	0.56	0.07	0.12	0.16	test/nets/pr/med/elevator_3.dlmcs.sync
?	0	0.020	0.12	0.000	0.020	0.020	0.100	0.776	0.876	1.65	0.0	0.08	0.12	0.15	test/nets/pr/med/elevator_3.fsa
0.640	0	0.020	0.04	0.000	0.000	0.000	0.008	0.000	0.008	0.22	0.0	0.01	0.01	0.02	test/nets/pr/med/furnace_2.fsa
?	0	0.010	0.16	0.000	0.180	0.190	0.048	4.060	4.108	0.49	2.78	0.02	0.07	0.07	test/nets/pr/med/key_3
?	0	0.000	0.14	0.000	0.180	0.200	0.048	3.968	4.016	0.46	0.0	0.02	0.06	0.06	test/nets/pr/med/key_3.fsa
?	0	0.020	7.30	0.000	0.000	0.000	0.008	0.020	0.028	0.2	0.0	0.0	0.01	0.02	test/nets/pr/med/knuth_2
?	0	0.030	9.22	0.000	0.000	0.000	0.004	0.024	0.028	0.21	0.0	0.01	0.01	0.03	test/nets/pr/med/knuth_2.sync
7.980	0	0.010	11.64	0.000	0.000	0.000	0.048	0.268	0.316	0.65	0.0	0.02	0.06	0.08	test/nets/pr/med/mmgt_3.fsa
?	0	0.010	1.96	0.000	0.000	0.020	0.200	0.236	0.436	0.82	0.9	0.03	0.08	0.13	test/nets/pr/med/q_1
?	0	0.010	0.64	0.000	0.000	0.010	0.084	0.004	0.088	0.95	0.62	0.02	0.09	0.13	test/nets/pr/med/q_1.fsa
?	0	0.030	1.04	0.000	0.000	0.010	0.016	0.052	0.068	0.25	0.15	0.01	0.02	0.04	test/nets/pr/med/rw_1w2r
?	0	2.670	317.48	0.000	0.140	0.160	0.312	9.056	9.368	2.12	0.0	0.09	0.18	0.35	test/nets/pr/med/rw_2w1r
?	0	5.180	315.76	0.000	0.140	0.170	0.316	8.828	9.144	2.11	4.12	0.09	0.17	0.35	test/nets/pr/med/rw_2w1r.sync
2.440	0	0.000	0.08	0.000	0.000	0.000	0.020	0.192	0.212	0.33	0.08	0.01	0.01	0.03	test/nets/pr/med/speed_1.fsa
?	0	0.010	0.18	0.000	0.000	0.000	0.000	0.004	0.004	0.14	0.0	0.0	0.0	0.01	test/nets/pr/small/ab_gesc
0.040	0	0.010	0.00	0.000	0.000	0.000	0.004	0.000	0.004	0.1	0.0	0.0	0.01	0.0	test/nets/pr/small/abp_1.fsa
?	error	572.740	2.10	0.000	0.000	0.000	0.004	0.000	0.004	0.13	0.02	0.0	0.01	0.01	test/nets/pr/small/byzagr4_0b
?	error	569.630	2.16	0.000	0.000	0.000	0.004	0.000	0.004	0.12	0.0	0.0	0.0	0.01	test/nets/pr/small/byzagr4_0b.sync
?	0	0.020	na	0.000	0.000	0.000	na	na	0.004	0.1	0.0	na	na	na	test/nets/pr/small/byzagr4_2a
?	0	0.020	na	0.000	0.000	0.000	na	na	0.004	0.1	0.0	na	na	na	test/nets/pr/small/byzagr4_2a.sync
?	killed	0.000	0.52	0.000	0.000	0.000	0.004	0.016	0.020	0.16	0.0	0.0	0.01	0.01	test/nets/pr/small/cottbus_plate_5
?	killed	0.000	0.98	0.000	0.000	0.000	0.000	0.028	0.028	0.17	0.0	0.01	0.01	0.01	test/nets/pr/small/cottbus_plate_5.sync
?	0	0.010	0.72	0.000	0.000	0.000	0.004	0.020	0.024	0.14	0.0	0.0	0.01	0.01	test/nets/pr/small/dijkstra_2
?	0	0.010	1.08	0.000	0.000	0.000	0.008	0.024	0.032	0.15	0.0	0.0	0.01	0.01	test/nets/pr/small/dijkstra_2.sync
?	0	0.000	0.00	0.000	0.000	0.000	0.004	0.000	0.004	0.11	0.0	0.0	0.0	0.01	test/nets/pr/small/dme2
?	0	0.040	0.00	0.000	0.000	0.000	0.004	0.016	0.020	0.13	0.02	0.01	0.0	0.01	test/nets/pr/small/dme3
?	0	0.420	0.02	0.000	0.000	0.000	0.004	0.068	0.072	0.16	0.05	0.01	0.0	0.01	test/nets/pr/small/dme4
0.000	0	0.000	0.00	0.000	0.000	0.000	0.004	0.000	0.004	0.09	0.0	0.0	0.0	0.0	test/nets/pr/small/do_od
10.960	0	0.040	0.00	0.000	0.000	0.000	0.008	0.000	0.008	0.12	0.0	0.0	0.01	0.0	test/nets/pr/small/eisenbahn
14.780	0	0.100	0.00	0.000	0.000	0.000	0.012	0.000	0.012	0.16	0.0	0.0	0.0	0.01	test/nets/pr/small/eisenbahn.sync
?	0	0.010	0.00	0.000	0.000	0.000	0.004	0.000	0.004	0.12	0.0	0.0	0.0	0.01	test/nets/pr/small/elevator
?	0	0.000	0.00	0.000	0.000	0.000	0.004	0.000	0.004	0.11	0.0	0.01	0.0	0.0	test/nets/pr/small/elevator_1
?	0	0.000	0.00	0.000	0.000	0.000	0.004	0.000	0.004	0.11	0.0	0.0	0.0	0.01	test/nets/pr/small/elevator_1.fsa
?	0	0.020	0.00	0.000	0.000	0.000	0.008	0.020	0.028	0.25	0.0	0.0	0.02	0.02	test/nets/pr/small/elevator_2
?	0	0.020	0.00	0.000	0.000	0.000	0.008	0.020	0.028	0.25	0.04	0.0	0.01	0.02	test/nets/pr/small/elevator_2.fsa
0.060	0	0.000	0.00	0.000	0.000	0.000	0.004	0.000	0.004	0.11	0.0	0.0	0.01	0.0	test/nets/pr/small/furnace_1.fsa
0.020	0	0.000	0.00	0.000	0.000	0.000	0.004	0.000	0.004	0.1	0.0	0.0	0.0	0.0	test/nets/pr/small/gas_station
?	0	0.000	0.00	0.000	0.000	0.000	0.004	0.028	0.032	0.13	0.0	0.0	0.01	0.0	test/nets/pr/small/key_2
?	0	0.000	0.00	0.000	0.000	0.000	0.004	0.028	0.032	0.14	0.0	0.0	0.01	0.01	test/nets/pr/small/key_2.fsa
0.040	0	0.000	0.00	0.000	0.000	0.000	0.004	0.000	0.004	0.09	0.0	0.0	0.0	0.0	test/nets/pr/small/mmgt_1.fsa
0.560	0	0.000	0.02	0.000	0.000	0.000	0.004	0.004	0.008	0.16	0.0	0.0	0.01	0.0	test/nets/pr/small/mmgt_2.fsa
?	0	0.000	0.06	0.000	0.000	0.000	0.004	0.008	0.012	0.12	0.02	0.0	0.0	0.0	test/nets/pr/small/mutual
0.020	0	0.000	na	0.000	0.000	0.000	na	na	0.004	0.09	0.0	na	na	na	test/nets/pr/small/only_hl
?	0	0.020	0.00	0.000	0.000	0.000	0.004	0.004	0.008	0.11	0.01	0.0	0.01	0.0	test/nets/pr/small/parrow
0.260	0	0.000	0.00	0.000	0.000	0.000	0.004	0.000	0.004	0.1	0.0	0.0	0.0	0.0	test/nets/pr/small/peterson
0.020	0	0.000	0.00	0.000	0.000	0.000	0.004	0.000	0.004	0.1	0.0	0.0	0.0	0.0	test/nets/pr/small/peterson_pfa
?	0	0.000	0.00	0.000	0.000	0.000	0.004	0.000	0.004	0.1	0.0	0.0	0.0	0.0	test/nets/pr/small/reader_writer_2
0.040	0	0.000	0.00	0.000	0.000	0.000	0.004	0.000	0.004	0.1	0.0	0.0	0.0	0.0	test/nets/pr/small/recursion
30.700	0	0.050	0.00	0.000	0.000	0.000	0.004	0.000	0.004	0.1	0.0	0.0	0.0	0.0	test/nets/pr/small/rrr10-1.sync
?	0	2.320	0.00	0.000	0.000	0.000	0.000	0.004	0.004	0.1	0.0	0.0	0.01	0.0	test/nets/pr/small/rrr20-1.sync
?	0	10.500	0.00	0.000	0.000	0.000	0.004	0.000	0.004	0.09	0.0	0.0	0.0	0.0	test/nets/pr/small/rrr30-1.sync
?	error	286.380	0.00	0.000	0.000	0.000	0.004	0.000	0.004	0.11	0.0	0.0	0.0	0.0	test/nets/pr/small/rrr50-1.sync
?	0	0.010	0.00	0.000	0.000	0.000	0.004	0.004	0.008	0.12	0.01	0.0	0.01	0.0	test/nets/pr/small/rw_1w1r
?	0	0.000	0.00	0.000	0.000	0.000	0.004	0.004	0.008	0.12	0.02	0.0	0.0	0.0	test/nets/pr/small/rw_1w1r.sync
?	0	12.020	0.00	0.000	0.000	0.000	0.000	0.004	0.004	0.11	0.0	0.0	0.0	0.0	test/nets/pr/small/sdl_arq
?	0	0.000	0.00	0.000	0.000	0.000	0.004	0.000	0.004	0.09	0.0	0.0	0.0	0.0	test/nets/pr/small/sdl_arq_deadlock
?	0	0.010	na	0.000	0.000	0.000	na	na	0.004	0.1	0.0	na	na	na	test/nets/pr/small/sdl_example
?	0	0.000	0.00	0.000	0.000	0.000	0.004	0.000	0.004	0.12	0.01	0.0	0.0	0.0	test/nets/pr/small/sentest_100.fsa
?	0	0.000	0.00	0.000	0.000	0.000	0.000	0.004	0.004	0.1	0.0	0.01	0.0	0.0	test/nets/pr/small/sentest_25.fsa
?	0	0.000	0.00	0.000	0.000	0.000	0.004	0.000	0.004	0.12	0.01	0.0	0.0	0.0	test/nets/pr/small/sentest_50.fsa
?	0	0.000	0.00	0.000	0.000	0.000	0.004	0.000	0.004	0.11	0.01	0.0	0.0	0.0	test/nets/pr/small/sentest_75.fsa
0.160	0	0.000	0.00	0.000	0.000	0.000	0.004	0.000	0.004	0.11	0.0	0.0	0.01	0.0	test/nets/pr/small/stack_full

Generated on Tue, 18 Oct 2011 10:41:13 +0200; 243 test cases
